{
  "model_name": "Random Forest",
  "dataset_name": "KC2",
  "timestamp": "20250721_202205",
  "best_params": {
    "n_estimators": 224,
    "max_depth": 95,
    "min_samples_split": 4,
    "min_samples_leaf": 3
  },
  "best_cv_score": 0.811102311102311,
  "results": {
    "mean_accuracy": 0.8251046025104604,
    "std_accuracy": 0.01702676983211365,
    "mean_precision": 0.8086850274150276,
    "std_precision": 0.03307984476689063,
    "mean_recall": 0.8208459923524742,
    "std_recall": 0.020376675271894677,
    "mean_f1": 0.8142015717161637,
    "std_f1": 0.018491291908084136
  },
  "raw_results": {
    "accuracy": [
      0.803347280334728,
      0.8326359832635983,
      0.8535564853556485,
      0.8200836820083682,
      0.8158995815899581
    ],
    "precision": [
      0.7807017543859649,
      0.847457627118644,
      0.8148148148148148,
      0.7614678899082569,
      0.8389830508474576
    ],
    "recall": [
      0.8018018018018018,
      0.819672131147541,
      0.8543689320388349,
      0.83,
      0.7983870967741935
    ],
    "f1": [
      0.7911111111111111,
      0.8333333333333334,
      0.8341232227488151,
      0.7942583732057417,
      0.8181818181818182
    ]
  },
  "model_path": "saved_models/KC2_20250721_202205/Random Forest_model.joblib"
}