{
  "model_name": "KNN",
  "dataset_name": "KC2",
  "timestamp": "20250721_202055",
  "best_params": {
    "n_neighbors": 3,
    "weights": "distance",
    "p": 2
  },
  "best_cv_score": 0.8039191195093189,
  "results": {
    "mean_accuracy": 0.8142259414225942,
    "std_accuracy": 0.03858457534191969,
    "mean_precision": 0.7913933515142528,
    "std_precision": 0.0538333452823727,
    "mean_recall": 0.8208116737233915,
    "std_recall": 0.021665126023683347,
    "mean_f1": 0.8053580143742121,
    "std_f1": 0.037627675522756705
  },
  "raw_results": {
    "accuracy": [
      0.7447698744769874,
      0.8117154811715481,
      0.8577405857740585,
      0.8158995815899581,
      0.8410041841004184
    ],
    "precision": [
      0.6984126984126984,
      0.8181818181818182,
      0.8349514563106796,
      0.7641509433962265,
      0.8412698412698413
    ],
    "recall": [
      0.7927927927927928,
      0.8114754098360656,
      0.8349514563106796,
      0.81,
      0.8548387096774194
    ],
    "f1": [
      0.7426160337552743,
      0.8148148148148148,
      0.8349514563106796,
      0.7864077669902912,
      0.848
    ]
  },
  "model_path": "saved_models/KC2_20250721_202055/KNN_model.joblib"
}