{
  "model_name": "SVM",
  "dataset_name": "KC2",
  "timestamp": "20250721_202043",
  "best_params": {
    "C": 3.039200405099164,
    "degree": 1
  },
  "best_cv_score": 0.6401600111159459,
  "results": {
    "mean_accuracy": 0.7121338912133892,
    "std_accuracy": 0.04311044978206278,
    "mean_precision": 0.8723749948642098,
    "std_precision": 0.017555118615177195,
    "mean_recall": 0.4555231804841145,
    "std_recall": 0.04831333409484682,
    "mean_f1": 0.5971144706173417,
    "std_f1": 0.0420652356450469
  },
  "raw_results": {
    "accuracy": [
      0.698744769874477,
      0.6736401673640168,
      0.7447698744769874,
      0.7782426778242678,
      0.6652719665271967
    ],
    "precision": [
      0.8421052631578947,
      0.8666666666666667,
      0.875,
      0.8852459016393442,
      0.8928571428571429
    ],
    "recall": [
      0.43243243243243246,
      0.4262295081967213,
      0.47572815533980584,
      0.54,
      0.4032258064516129
    ],
    "f1": [
      0.5714285714285714,
      0.5714285714285714,
      0.6163522012578616,
      0.6708074534161491,
      0.5555555555555556
    ]
  },
  "model_path": "saved_models/KC2_20250721_202043/SVM_model.joblib"
}