{
  "model_name": "Naive Bayes",
  "dataset_name": "KC1",
  "timestamp": "20250721_204333",
  "best_params": {},
  "best_cv_score": 0.6719634783327976,
  "results": {
    "mean_accuracy": 0.6957020057306591,
    "std_accuracy": 0.009600635624167384,
    "mean_precision": 0.7190891420035522,
    "std_precision": 0.008000769829348647,
    "mean_recall": 0.624266816149705,
    "std_recall": 0.01127937667637939,
    "mean_f1": 0.6683108630888921,
    "std_f1": 0.00947490017426349
  },
  "raw_results": {
    "accuracy": [
      0.6991404011461319,
      0.6829035339063992,
      0.7058261700095511,
      0.6857688634192932,
      0.7048710601719198
    ],
    "precision": [
      0.717948717948718,
      0.7127192982456141,
      0.7315436241610739,
      0.70917225950783,
      0.7240618101545254
    ],
    "recall": [
      0.6135458167330677,
      0.6178707224334601,
      0.6349514563106796,
      0.6143410852713178,
      0.640625
    ],
    "f1": [
      0.6616541353383458,
      0.6619144602851323,
      0.6798336798336798,
      0.6583592938733126,
      0.6797927461139897
    ]
  },
  "model_path": "saved_models/KC1_20250721_204333/Naive Bayes_model.joblib"
}