{
  "model_name": "Naive Bayes",
  "dataset_name": "KC2",
  "timestamp": "20250721_202107",
  "best_params": {},
  "best_cv_score": 0.7514642758777191,
  "results": {
    "mean_accuracy": 0.7774058577405858,
    "std_accuracy": 0.018218862809269692,
    "mean_precision": 0.807861082715734,
    "std_precision": 0.04004697159304362,
    "mean_recall": 0.6833546076252407,
    "std_recall": 0.029765758722569292,
    "mean_f1": 0.7403298689849415,
    "std_f1": 0.033545073415857114
  },
  "raw_results": {
    "accuracy": [
      0.7447698744769874,
      0.7824267782426778,
      0.7866108786610879,
      0.7740585774058577,
      0.799163179916318
    ],
    "precision": [
      0.7604166666666666,
      0.8365384615384616,
      0.8095238095238095,
      0.7674418604651163,
      0.8653846153846154
    ],
    "recall": [
      0.6576576576576577,
      0.7131147540983607,
      0.6601941747572816,
      0.66,
      0.7258064516129032
    ],
    "f1": [
      0.7053140096618358,
      0.7699115044247787,
      0.7272727272727273,
      0.7096774193548387,
      0.7894736842105263
    ]
  },
  "model_path": "saved_models/KC2_20250721_202107/Naive Bayes_model.joblib"
}