{
  "model_name": "Stacking",
  "dataset_name": "KC2",
  "timestamp": "20250721_202338",
  "best_params": {},
  "best_cv_score": 0.7978695132554114,
  "results": {
    "mean_accuracy": 0.8251046025104604,
    "std_accuracy": 0.024597386538408476,
    "mean_precision": 0.819008693460529,
    "std_precision": 0.035731454981970785,
    "mean_recall": 0.8045294835480231,
    "std_recall": 0.026049088292616294,
    "mean_f1": 0.8113075049762223,
    "std_f1": 0.02539863251441003
  },
  "raw_results": {
    "accuracy": [
      0.7824267782426778,
      0.8326359832635983,
      0.8577405857740585,
      0.8326359832635983,
      0.8200836820083682
    ],
    "precision": [
      0.7657657657657657,
      0.847457627118644,
      0.8349514563106796,
      0.7884615384615384,
      0.8584070796460177
    ],
    "recall": [
      0.7657657657657657,
      0.819672131147541,
      0.8349514563106796,
      0.82,
      0.782258064516129
    ],
    "f1": [
      0.7657657657657657,
      0.8333333333333334,
      0.8349514563106796,
      0.803921568627451,
      0.8185654008438819
    ]
  },
  "model_path": "saved_models/KC2_20250721_202338/Stacking_model.joblib"
}