{
  "model_name": "Decision Tree",
  "dataset_name": "KC2",
  "timestamp": "20250721_202102",
  "best_params": {
    "criterion": "entropy",
    "max_depth": 3
  },
  "best_cv_score": 0.7988502826978477,
  "results": {
    "mean_accuracy": 0.80418410041841,
    "std_accuracy": 0.028179846427586166,
    "mean_precision": 0.8073796914635285,
    "std_precision": 0.04089716221019443,
    "mean_recall": 0.7647234236130644,
    "std_recall": 0.023389752038121107,
    "mean_f1": 0.785139405294028,
    "std_f1": 0.028190154794348714
  },
  "raw_results": {
    "accuracy": [
      0.7531380753138075,
      0.8158995815899581,
      0.8158995815899581,
      0.8368200836820083,
      0.799163179916318
    ],
    "precision": [
      0.7407407407407407,
      0.8611111111111112,
      0.7864077669902912,
      0.8210526315789474,
      0.8275862068965517
    ],
    "recall": [
      0.7207207207207207,
      0.7622950819672131,
      0.7864077669902912,
      0.78,
      0.7741935483870968
    ],
    "f1": [
      0.730593607305936,
      0.808695652173913,
      0.7864077669902912,
      0.8,
      0.8
    ]
  },
  "model_path": "saved_models/KC2_20250721_202102/Decision Tree_model.joblib"
}